<beans xmlns="http://www.springframework.org/schema/beans"
	xmlns:xsi="http://www.w3.org/2001/XMLSchema-instance" xmlns:aop="http://www.springframework.org/schema/aop"
	xsi:schemaLocation="http://www.springframework.org/schema/beans
http://www.springframework.org/schema/beans/spring-beans.xsd
http://www.springframework.org/schema/aop
http://www.springframework.org/schema/aop/spring-aop.xsd">

	<!-- Configure Target class -->
	<bean id="mall" class="com.nt.service.ShoppingMall"/>

	<!-- Configure Advice class(SpringBean) -->
	<bean id="cuponAdvice" class="com.nt.aspect.DiscountCuponGenerationAdvice" />

	<aop:config>
        <aop:pointcut id="ptc1" 
                       expression="execution(* com.nt.service.ShoppingMall.*(..))"/>

		<aop:aspect ref="cuponAdvice">
			<aop:after-returning method="generateCupon" returning="billAmt" pointcut-ref="ptc1"/>
		</aop:aspect>
	</aop:config>
</beans>