<?xml version="1.0" encoding="UTF-8"?>
<beans xmlns="http://www.springframework.org/schema/beans"
	xmlns:xsi="http://www.w3.org/2001/XMLSchema-instance"
	xsi:schemaLocation="http://www.springframework.org/schema/beans
   http://www.springframework.org/schema/beans/spring-beans.xsd">
   
   <bean  class="org.springframework.web.servlet.handler.SimpleUrlHandlerMapping">
     <property name="mappings">
        <props>
          <prop key="home.htm">pvc</prop>
          <prop key="report.htm">gsrc</prop>
        </props>
     </property>
   </bean>
   
   <!-- Controllers -->
   <bean id="pvc"  class="org.springframework.web.servlet.mvc.ParameterizableViewController">
     <property name="viewName"  value="home"/>
   </bean>
   <bean id="gsrc"  class="com.nt.controller.GenerateStudentReportController"/>
   
   <!-- View Resolvers -->
   <bean class="org.springframework.web.servlet.view.BeanNameViewResolver"/>
   
   <bean class="org.springframework.web.servlet.view.InternalResourceViewResolver">
     <property name="prefix" value="/WEB-INF/pages/"/>
     <property name="suffix" value=".jsp"/>
   </bean>
   
   <!-- View classes  -->
    <bean id="srpv"  class="com.nt.views.StudentReportPdfView"/>
    <bean id="srev"  class="com.nt.views.StudentReportExcelView"/>
   
</beans>   