<?xml version="1.0" encoding="UTF-8"?>
<beans xmlns="http://www.springframework.org/schema/beans"
xmlns:xsi="http://www.w3.org/2001/XMLSchema-instance"
xsi:schemaLocation="http://www.springframework.org/schema/beans
http://www.springframework.org/schema/beans/spring-beans.xsd">

  <!-- Configure DataSource -->
  <bean id="cpds"  class="com.mchange.v2.c3p0.ComboPooledDataSource">
    <property name="driverClass" value="oracle.jdbc.driver.OracleDriver"/>
    <property name="jdbcUrl" value="jdbc:oracle:thin:@localhost:1521:xe"/>
    <property name="user" value="system"/>
    <property name="password" value="manager"/>
    <property name="initialPoolSize" value="10"/>
    <property name="maxPoolSize" value="200"/>
  </bean>
  <!-- <bean id="drds"  class="org.apache.commons.dbcp2.BasicDataSource">
    <property name="driverClassName" value="oracle.jdbc.driver.OracleDriver"/>
    <property name="url" value="jdbc:oracle:thin:@localhost:1521:xe"/>
    <property name="username" value="system"/>
    <property name="password" value="manager"/>
    <property name="initialSize" value="10"/>
    <property name="maxTotal" value="200"/>
  </bean> -->
  <!-- Configure JdbcTemplate -->
  <bean id="template"  class="org.springframework.jdbc.core.JdbcTemplate">
    <property name="dataSource"  ref="cpds"/>
  </bean>
  <!-- Configure DAO class -->
  <bean id="empDAO"  class="com.nt.dao.EmployeeDAOImpl">
     <property name="jt" ref="template"/>
  </bean>
  
  <!-- Configure service class -->
  <bean id="empService"  class="com.nt.service.EmployeeServiceImpl">
     <property name="dao" ref="empDAO"/>
  </bean>
  



</beans>