<?xml version="1.0" encoding="UTF-8"?>
<beans xmlns="http://www.springframework.org/schema/beans"
	xmlns:xsi="http://www.w3.org/2001/XMLSchema-instance"
	xsi:schemaLocation="http://www.springframework.org/schema/beans
   http://www.springframework.org/schema/beans/spring-beans.xsd">
   
   <bean  class="org.springframework.web.servlet.handler.SimpleUrlHandlerMapping">
     <property name="mappings">
        <props>
          <prop key="home.htm">pvc</prop>
          <prop key="register.htm">rc</prop>
        </props>
     </property>
   </bean>
   
   <bean id="pvc"  class="org.springframework.web.servlet.mvc.ParameterizableViewController">
     <property name="viewName"  value="welcome"/>
   </bean>
   
   <bean id="rc"  class="com.nt.controller.RegisterController">
      <property name="pages">
        <list>
          <value>page1Form</value>
          <value>page2Form</value>
          <value>page3Form</value>
        </list>
      </property>
      <property name="commandName" value="regCmd"/>
      <property name="commandClass" value="com.nt.command.RegisterCommand"/>
   </bean>
   
   
   <bean class="org.springframework.web.servlet.view.InternalResourceViewResolver">
     <property name="prefix" value="/WEB-INF/pages/"/>
     <property name="suffix" value=".jsp"/>
   </bean>
   
</beans>   