<?xml version="1.0" encoding="UTF-8"?>
<beans xmlns="http://www.springframework.org/schema/beans"
xmlns:xsi="http://www.w3.org/2001/XMLSchema-instance"
xmlns:context="http://www.springframework.org/schema/context"
xsi:schemaLocation="http://www.springframework.org/schema/beans
http://www.springframework.org/schema/beans/spring-beans.xsd
http://www.springframework.org/schema/context
http://www.springframework.org/schema/context/spring-context.xsd">
  
  <context:component-scan base-package="com.nt.service,com.nt.aspect"/>   
  
  <!-- Cfg ProxyFactoryBean to generate Proxyclass object -->
  <bean id="pfb" class="org.springframework.aop.framework.ProxyFactoryBean">
     <property name="target" ref="shopping"/>
     <property name="interceptorNames">
       <value>cuponAdvice</value>
     </property>
  </bean>

</beans>