<beans xmlns="http://www.springframework.org/schema/beans"
	xmlns:xsi="http://www.w3.org/2001/XMLSchema-instance" xmlns:aop="http://www.springframework.org/schema/aop"
	xsi:schemaLocation="http://www.springframework.org/schema/beans
http://www.springframework.org/schema/beans/spring-beans.xsd
http://www.springframework.org/schema/aop
http://www.springframework.org/schema/aop/spring-aop.xsd">

	<!-- Configure Target class -->
	<bean id="loanApprover" class="com.nt.service.BankLoanApprover"/>

	<!-- Configure Advice class(SpringBean) -->
	<bean id="auditAdvice" class="com.nt.aspect.AuditAdvice" />

	<aop:config>
		<!-- pointcuts cfgs -->
		<!-- <aop:pointcut id="ptc1"
			expression="execution(* com.nt.service.BankLoanApprover.*(..))" />
 -->
        <aop:pointcut id="ptc1" 
                       expression="execution(* com.nt.service.BankLoanApprover.*(..)) and args(lid,loanType)"/>

		<aop:aspect ref="auditAdvice">
			<aop:before method="auditing" pointcut-ref="ptc1"/>
		</aop:aspect>
		
	</aop:config>
</beans>