<?xml version="1.0" encoding="UTF-8"?>
<beans xmlns="http://www.springframework.org/schema/beans"
	xmlns:xsi="http://www.w3.org/2001/XMLSchema-instance"
	xsi:schemaLocation="http://www.springframework.org/schema/beans
   http://www.springframework.org/schema/beans/spring-beans.xsd">
   <bean  class="org.springframework.web.servlet.handler.SimpleUrlHandlerMapping">
     <property name="mappings">
        <props>
          <prop key="home.htm">sic</prop>
        </props>
     </property>
   </bean>

   <!-- Cfg Controller class Configuration -->  
   <bean id="sic"  class="com.nt.controller.StudentInsertController">
      <property name="service"  ref="stService"/>
      <property name="formView" value="student"/>
      <property name="validator"  ref="stCmdValidator"/>
      <property name="successView" value="result"/>
      <property name="commandName"  value="stCmd"/>
      <property name="commandClass"  value="com.nt.command.StudentCommand"/>
      <property name="sessionForm"  value="true"/>
   </bean>
   
   <!-- Properties file configuration -->
   <bean id="messageSource"  class="org.springframework.context.support.ResourceBundleMessageSource">
     <property name="basename" value="com/nt/commons/StudentCommandValidator"/>
   </bean>
   
   <!-- Validator class configuation -->
   <bean id="stCmdValidator"  class="com.nt.validator.StudentCommandValidator"/>
   
   <bean class="org.springframework.web.servlet.view.InternalResourceViewResolver">
     <property name="prefix" value="/WEB-INF/pages/"/>
     <property name="suffix" value=".jsp"/>
   </bean>
   
</beans>   