<?xml version="1.0" encoding="UTF-8"?>
<beans xmlns="http://www.springframework.org/schema/beans"
	xmlns:xsi="http://www.w3.org/2001/XMLSchema-instance"
	xsi:schemaLocation="http://www.springframework.org/schema/beans
   http://www.springframework.org/schema/beans/spring-beans.xsd">
   
   
   <bean class="org.springframework.web.servlet.handler.SimpleUrlHandlerMapping">
     <property name="mappings">
       <props>
         <prop key="welcome.htm">hvc</prop>
       </props>
     </property>
     <property name="order" value="5"/>
   </bean>
   <bean class="org.springframework.web.servlet.mvc.support.ControllerClassNameHandlerMapping">
     <property name="order" value="1"/>
   </bean>
   
   
   <bean class="com.nt.controller.WelcomeController"/>
   <bean id="hvc" class="com.nt.controller.HomeViewController"/>
   
    <bean  class="org.springframework.web.servlet.mvc.ParameterizableViewController">
      <property name="viewName" value="about_us"/>
   </bean>
    
   <!-- ViewResolver -->
   <bean id="ivr" class="org.springframework.web.servlet.view.InternalResourceViewResolver">
      <property name="prefix"  value="/WEB-INF/pages/"/>
      <property name="suffix"  value=".jsp"/>
   </bean>
</beans>   