<beans:beans xmlns="http://www.springframework.org/schema/security"
	xmlns:beans="http://www.springframework.org/schema/beans"
	xmlns:security="http://www.springframework.org/schema/security"
	xmlns:xsi="http://www.w3.org/2001/XMLSchema-instance"
	xsi:schemaLocation="http://www.springframework.org/schema/beans 
                    http://www.springframework.org/schema/beans/spring-beans.xsd
                    http://www.springframework.org/schema/security 
                    http://www.springframework.org/schema/security/spring-security-3.0.xsd">

	<security:http use-expressions="true">
		<security:intercept-url pattern="/home.htm"
			access="permitAll" />
		<security:intercept-url pattern="/inbox.htm"
			access="hasRole('ROLE_OWNER')" />
		<security:form-login />
		<security:access-denied-handler
			error-page="/error.jsp" />
		<security:logout logout-success-url="/home.htm" />
	</security:http>


	<security:authentication-manager>
		<security:ldap-authentication-provider
			user-search-filter="(uid={0})" user-search-base="ou=users"
			group-search-filter="(uniqueMember={0})" group-search-base="ou=groups"
			group-role-attribute="cn" role-prefix="ROLE_">
		</security:ldap-authentication-provider>
	</security:authentication-manager>
	
	
	<security:ldap-server url="ldap://localhost:10389/o=nit"
		manager-dn="uid=admin,ou=system" manager-password="secret" />

</beans:beans>   

