<beans xmlns="http://www.springframework.org/schema/beans"
xmlns:xsi="http://www.w3.org/2001/XMLSchema-instance"
xsi:schemaLocation="http://www.springframework.org/schema/beans
http://www.springframework.org/schema/beans/spring-beans.xsd">
 <!-- Configure DataSource -->
  <bean id="dbcpds"  class="org.apache.commons.dbcp2.BasicDataSource">
    <property name="driverClassName" value="oracle.jdbc.driver.OracleDriver"/>
    <property name="url" value="jdbc:oracle:thin:@localhost:1521:xe"/>
    <property name="username" value="system"/>
    <property name="password" value="manager"/>
    <property name="initialSize" value="10"/>
    <property name="maxTotal" value="200"/>
  </bean>
  <!-- Configure JdbcTemplate -->
   <bean id="template"  class="org.springframework.jdbc.core.JdbcTemplate">
     <property name="dataSource"  ref="dbcpds"/>
   </bean>
   <bean id="authDAO"  class="com.nt.dao.AuthenticateDAOImpl">
      <property name="jt" ref="template"/>
   </bean>
</beans>