<?xml version="1.0" encoding="UTF-8"?>
<beans xmlns="http://www.springframework.org/schema/beans"
	xmlns:xsi="http://www.w3.org/2001/XMLSchema-instance"
	xsi:schemaLocation="http://www.springframework.org/schema/beans
   http://www.springframework.org/schema/beans/spring-beans.xsd">

 <!-- Handler mapping -->   
   <bean class="org.springframework.web.servlet.handler.SimpleUrlHandlerMapping">
      <property name="mappings">
        <props>
           <prop key="home.htm">pvc1</prop>
           <prop key="wish.htm">wsc</prop>
           <prop key="contactus.htm">pvc3</prop>
           <prop key="aboutus.htm">pvc2</prop>
        </props>
      </property>
   </bean>
   
   <!-- Controller class -->
   <bean id="pvc1"  class="org.springframework.web.servlet.mvc.ParameterizableViewController">
     <property name="viewName"  value="welcome"/>
   </bean>
   <bean id="pvc2"  class="org.springframework.web.servlet.mvc.ParameterizableViewController">
     <property name="viewName"  value="about_us"/>
   </bean>
   <bean id="pvc3"  class="org.springframework.web.servlet.mvc.ParameterizableViewController">
     <property name="viewName"  value="contact_us"/>
   </bean>
   <bean id="wsc"  class="com.nt.controller.WishController"/>
 
   
   
   <!-- View Resolver -->
   <bean class="org.springframework.web.servlet.view.InternalResourceViewResolver">
      <property name="prefix" value="/WEB-INF/pages/"/>
      <property name="suffix" value=".jsp"/>
   </bean>

</beans>   