<beans xmlns="http://www.springframework.org/schema/beans"
	xmlns:xsi="http://www.w3.org/2001/XMLSchema-instance" 
	xmlns:aop="http://www.springframework.org/schema/aop"
	xsi:schemaLocation="http://www.springframework.org/schema/beans
http://www.springframework.org/schema/beans/spring-beans.xsd
http://www.springframework.org/schema/aop
http://www.springframework.org/schema/aop/spring-aop.xsd">
	<!-- Configure Target class -->
	<bean id="shopping" class="com.nt.service.Shopping" />

	<!-- Configure Advice class(SpringBean) -->
	<bean id="expLogger" class="com.nt.aspect.CommonExceptionLogger"/>

	<aop:config>
	
	<!-- pointcuts cfgs -->
	<aop:pointcut id="ptc1"
			expression="execution(float com.nt.service.Shopping.*(..))"/>

	<aop:aspect ref="expLogger">
		<aop:after-throwing method="exceptionLogger" pointcut-ref="ptc1" throwing="e"/>
	</aop:aspect>
		
  </aop:config>
</beans>