
<beans xmlns="http://www.springframework.org/schema/beans"
	xmlns:xsi="http://www.w3.org/2001/XMLSchema-instance" xmlns:p="http://www.springframework.org/schema/p"
	xmlns:context="http://www.springframework.org/schema/context"
	xsi:schemaLocation="http://www.springframework.org/schema/beans  
            http://www.springframework.org/schema/beans/spring-beans-3.0.xsd  
            http://www.springframework.org/schema/context  
            http://www.springframework.org/schema/context/spring-context-3.0.xsd">


	<context:component-scan base-package="com.nat.controller" />


	<bean id="viewResolver"
		class="org.springframework.web.servlet.view.UrlBasedViewResolver">
		<property name="viewClass" value="org.springframework.web.servlet.view.tiles2.TilesView"/>
    </bean>
	
	
 	<bean id="tilesConfigurer"
		class="org.springframework.web.servlet.view.tiles2.TilesConfigurer">
		<property name="definitions">
			<list>
				<value>/WEB-INF/tiles.xml</value>
			</list>
		</property>
	</bean>
	
<!-- 	 <bean id="tilesviewResolver" class="org.springframework.web.servlet.view.tiles3.TilesViewResolver"/> 
<bean id="tilesConfigurer" class="org.springframework.web.servlet.view.tiles3.TilesConfigurer">
  <property name="definitions">
   <list>
      <value>/WEB-INF/tiles.xml</value>
   </list>
  </property>
 </bean>
 -->	
</beans>  