<?xml version="1.0" encoding="UTF-8"?>
<beans xmlns="http://www.springframework.org/schema/beans"
	xmlns:xsi="http://www.w3.org/2001/XMLSchema-instance"
	xsi:schemaLocation="http://www.springframework.org/schema/beans
   http://www.springframework.org/schema/beans/spring-beans.xsd">
   
   <!-- Handler mapping -->
   <bean id="suhm"   class="org.springframework.web.servlet.handler.SimpleUrlHandlerMapping">
      <property name="mappings">
         <props>
           <prop key="home.htm">wc</prop>
         </props>
      </property>
   </bean>
   <!-- Controller class -->
   <bean id="wc" class="com.nt.controller.WelcomeController"/>
   <!-- ViewResolver -->
   <bean id="ivr" class="org.springframework.web.servlet.view.InternalResourceViewResolver">
      <property name="prefix"  value="/WEB-INF/pages/"/>
      <property name="suffix"  value=".jsp"/>
   </bean>
</beans>   