<?xml version="1.0" encoding="UTF-8"?>
<beans xmlns="http://www.springframework.org/schema/beans"
xmlns:xsi="http://www.w3.org/2001/XMLSchema-instance"
xmlns:context="http://www.springframework.org/schema/context"
xsi:schemaLocation="http://www.springframework.org/schema/beans
http://www.springframework.org/schema/beans/spring-beans.xsd
http://www.springframework.org/schema/context
http://www.springframework.org/schema/context/spring-context.xsd">
   <!-- Hanlder mappings -->
   <bean  class="org.springframework.web.servlet.handler.SimpleUrlHandlerMapping">
     <property name="mappings">
        <props>
          <prop key="home.htm">pvc</prop>
        </props>
     </property>
   </bean>
   
   <bean class="org.springframework.web.servlet.mvc.annotation.DefaultAnnotationHandlerMapping"/>
   
   <!-- Controller classes -->
   <bean id="pvc"  class="org.springframework.web.servlet.mvc.ParameterizableViewController">
      <property name="viewName" value="welcome"/>
   </bean>
   
   <!-- View Resolvers -->
   <bean class="org.springframework.web.servlet.view.InternalResourceViewResolver">
     <property name="prefix" value="/WEB-INF/pages/"/>
     <property name="suffix" value=".jsp"/>
   </bean>
   
   <!-- Component scanning -->
   <context:component-scan base-package="com.nt.controller"/>
   
</beans>   