<?xml version="1.0" encoding="UTF-8"?>
<beans xmlns="http://www.springframework.org/schema/beans"
	xmlns:xsi="http://www.w3.org/2001/XMLSchema-instance"
	xsi:schemaLocation="http://www.springframework.org/schema/beans
   http://www.springframework.org/schema/beans/spring-beans.xsd">
   <bean  class="org.springframework.web.servlet.handler.SimpleUrlHandlerMapping">
     <property name="mappings">
        <props>
          <prop key="home.htm">pvc</prop>
          <prop key="listEmps.htm">lec</prop>
        </props>
     </property>
   </bean>
   
   <bean id="pvc"  class="org.springframework.web.servlet.mvc.ParameterizableViewController">
      <property name="viewName" value="home"/>
   </bean>
   
   <bean id="lec"  class="com.nt.controller.ListEmployeeController">
     <property name="service"  ref="empService"/>
   </bean>
   
   <bean class="org.springframework.web.servlet.view.InternalResourceViewResolver">
     <property name="prefix" value="/WEB-INF/pages/"/>
     <property name="suffix" value=".jsp"/>
   </bean>
   
</beans>   