<?xml version="1.0" encoding="UTF-8"?>
<beans xmlns="http://www.springframework.org/schema/beans"
	xmlns:xsi="http://www.w3.org/2001/XMLSchema-instance" 
	xmlns:context="http://www.springframework.org/schema/context"
	xsi:schemaLocation="http://www.springframework.org/schema/beans
http://www.springframework.org/schema/beans/spring-beans.xsd
http://www.springframework.org/schema/context
http://www.springframework.org/schema/context/spring-context.xsd">

	<!-- Bean configuration -->
	<bean id="jofb" class="org.springframework.jndi.JndiObjectFactoryBean">
		<!-- <property name="jndiName" value="DsJndi"/> for other server -->
		<property name="jndiName" value="java:/comp/env/DsJndi" /> <!-- fot tomcat -->
	</bean>

	<bean id="template" class="org.springframework.jdbc.core.JdbcTemplate">
		<property name="dataSource" ref="jofb" />
	</bean>

   <context:component-scan base-package="com.nt.dao"/>

</beans>