<beans xmlns="http://www.springframework.org/schema/beans"
	xmlns:xsi="http://www.w3.org/2001/XMLSchema-instance" xmlns:aop="http://www.springframework.org/schema/aop"
	xsi:schemaLocation="http://www.springframework.org/schema/beans
http://www.springframework.org/schema/beans/spring-beans.xsd
http://www.springframework.org/schema/aop
http://www.springframework.org/schema/aop/spring-aop.xsd">

	<!-- Configure Target class -->
	<bean id="iac" class="com.nt.service.IntrAmountCalculator" />

	<!-- Configure Advice class(SpringBean) -->
	<bean id="pmAdvice" class="com.nt.aspect.PerformanceMonitoringAdvice" />
	<bean id="logAdvice" class="com.nt.aspect.LogAroundAdvice" />

	<aop:config>
		<!-- pointcuts cfgs -->
		<aop:pointcut id="ptc1"
			expression="execution(* com.nt.service.IntrAmountCalculator.*(..))" />

		<aop:pointcut id="ptc2"
			expression="execution(* com.nt.service.IntrAmountCalculator.calc*(..))" />
		<!-- aspects cfgs -->

		

		<aop:aspect ref="pmAdvice" order="2">
			<aop:around method="monitor" pointcut-ref="ptc1" />
		</aop:aspect>
		
		<aop:aspect ref="logAdvice" order="1">
			<aop:around method="log" pointcut-ref="ptc2" />
		</aop:aspect>

		

	</aop:config>
</beans>