<?xml version="1.0" encoding="UTF-8"?>
<beans xmlns="http://www.springframework.org/schema/beans"
xmlns:xsi="http://www.w3.org/2001/XMLSchema-instance"
xsi:schemaLocation="http://www.springframework.org/schema/beans
http://www.springframework.org/schema/beans/spring-beans.xsd">

  <!-- Cfg target class -->
  <bean id="arithmetic" class="com.nt.service.ArithmeticOperations"/>
  
  <!-- Cfg Advice class -->
  <bean id="pmAdvice" class="com.nt.aspect.PerformanceMonitoringAroundAdvice"/>
  
   
  <!--Set1>>> Cfg user-defined Pointcut class -->
  <!-- <bean id="ptc"  class="com.nt.pointcut.CommonStaticPointcut"/> -->
  <!-- Cfg Advisor  -->
  <!-- <bean id="pmAdvisor" class="org.springframework.aop.support.DefaultPointcutAdvisor">
     <property name="advice" ref="pmAdvice"/>
     <property name="pointcut" ref="ptc"/>
  </bean>  -->
  
  <!--Set2>>> pointcut cfg -->
<!--   <bean id="ptc"  class="org.springframework.aop.support.NameMatchMethodPointcut">
    <property name="mappedNames">
       <list>
         <value>sum</value>
         <value>mul</value>
       </list>
    </property>     
  </bean> -->
  
  <!-- Advisor cfg -->
  <!-- <bean id="pmAdvisor" class="org.springframework.aop.support.DefaultPointcutAdvisor">
     <property name="advice" ref="pmAdvice"/>
     <property name="pointcut" ref="ptc"/>
  </bean> 
   -->
   
  <!-- Advisor cfg -->
   <bean id="pmAdvisor" class="org.springframework.aop.support.NameMatchMethodPointcutAdvisor">
     <property name="mappedNames">
       <list>
         <value>sum</value>
         <value>sub</value>
       </list>
     </property>
     <property name="advice" ref="pmAdvice"/>
  </bean> 
   
   
  
  <!-- cfg ProxyFactoryBean  class to get Proxy class obj dynamically -->
  <bean id="pfb"  class="org.springframework.aop.framework.ProxyFactoryBean">
    <property name="target" ref="arithmetic"/>
    <property name="interceptorNames">
      <list>
        <value>pmAdvisor</value>
      </list>
    </property> 
  </bean>
</beans>