<?xml version="1.0" encoding="UTF-8"?>
<beans xmlns="http://www.springframework.org/schema/beans"
	xmlns:xsi="http://www.w3.org/2001/XMLSchema-instance"
	xsi:schemaLocation="http://www.springframework.org/schema/beans
   http://www.springframework.org/schema/beans/spring-beans.xsd">
   
   <bean  class="org.springframework.web.servlet.handler.SimpleUrlHandlerMapping">
     <property name="mappings">
        <props>
          <prop key="home.htm">rc</prop>
        </props>
     </property>
   </bean>
   
   <bean id="rc"  class="com.nt.controller.RegisterController">
     <property name="formView" value="register"/>
     <property name="successView" value="register_result"/>
     <property name="commandName"  value="regCmd"/>
     <property name="commandClass"  value="com.nt.command.RegisterCommand"/>
     <property name="validator" ref="regcmdValidator"/>
   </bean>
   
   <bean id="regcmdValidator" class="com.nt.validator.RegCmdValidator"/>
   
   <bean id="messageSource" class="org.springframework.context.support.ResourceBundleMessageSource">
      <property name="basename"  value="com/nt/commons/RegCmdValidations"/>
   </bean>
   
   <bean class="org.springframework.web.servlet.view.InternalResourceViewResolver">
     <property name="prefix" value="/WEB-INF/pages/"/>
     <property name="suffix" value=".jsp"/>
   </bean>
   
</beans>   