<beans xmlns="http://www.springframework.org/schema/beans"
xmlns:xsi="http://www.w3.org/2001/XMLSchema-instance"
xsi:schemaLocation="http://www.springframework.org/schema/beans
http://www.springframework.org/schema/beans/spring-beans.xsd">

  <!-- Target class cfg -->
  <bean id="shopping"  class="com.nt.service.ShoppingStore"/>
  
  <!-- Advice class cfg -->
  <bean id="cuponAdvice"  class="com.nt.aspect.DiscountCuponGeneratorAdvice"/>
  
  <!-- Cfg ProxyFactoryBean to generate Proxyclass object -->
  <bean id="pfb" class="org.springframework.aop.framework.ProxyFactoryBean">
     <property name="target" ref="shopping"/>
     <property name="interceptorNames">
       <value>cuponAdvice</value>
     </property>
  </bean>

</beans>