<?xml version="1.0" encoding="UTF-8"?>
<beans xmlns="http://www.springframework.org/schema/beans"
	xmlns:xsi="http://www.w3.org/2001/XMLSchema-instance" 
	xmlns:context="http://www.springframework.org/schema/context"
	xsi:schemaLocation="http://www.springframework.org/schema/beans
http://www.springframework.org/schema/beans/spring-beans.xsd
http://www.springframework.org/schema/context
http://www.springframework.org/schema/context/spring-context.xsd">

	 <!-- Configure DataSource -->
  <bean id="cpds"  class="com.mchange.v2.c3p0.ComboPooledDataSource">
    <property name="driverClass" value="oracle.jdbc.driver.OracleDriver"/>
    <property name="jdbcUrl" value="jdbc:oracle:thin:@localhost:1521:xe"/>
    <property name="user" value="system"/>
    <property name="password" value="manager"/>
    <property name="initialPoolSize" value="10"/>
    <property name="maxPoolSize" value="200"/>
  </bean>
	<bean id="sjInsert" class="org.springframework.jdbc.core.simple.SimpleJdbcInsert">
		<constructor-arg ref="cpds"/>
	</bean>
	
	<bean id="stDAO"  class="com.nt.dao.StudentDAOImpl">
	   <property name="sji" ref="sjInsert"/>
	</bean>


</beans>