<?xml version="1.0" encoding="UTF-8"?>
<beans xmlns="http://www.springframework.org/schema/beans"
xmlns:xsi="http://www.w3.org/2001/XMLSchema-instance"
xmlns:context="http://www.springframework.org/schema/context"
xsi:schemaLocation="http://www.springframework.org/schema/beans
http://www.springframework.org/schema/beans/spring-beans.xsd
http://www.springframework.org/schema/context
http://www.springframework.org/schema/context/spring-context.xsd">
   
   <bean class="org.springframework.web.servlet.mvc.annotation.DefaultAnnotationHandlerMapping"/>
   
   
   <!-- View Resolvers -->
   <bean class="org.springframework.web.servlet.view.InternalResourceViewResolver">
     <property name="prefix" value="/WEB-INF/pages/"/>
     <property name="suffix" value=".jsp"/>
   </bean>
   
   <!-- Properties file cfg -->
   <bean id="messageSource"  class="org.springframework.context.support.ResourceBundleMessageSource">
     <property name="basename"  value="com/nt/commons/validator"/>
   </bean>
   
   <context:component-scan base-package="com.nt.controller,com.nt.validator"/>
   
</beans>   