<?xml version="1.0" encoding="UTF-8"?>
<beans xmlns="http://www.springframework.org/schema/beans"
xmlns:xsi="http://www.w3.org/2001/XMLSchema-instance"
xmlns:context="http://www.springframework.org/schema/context"
xsi:schemaLocation="http://www.springframework.org/schema/beans
http://www.springframework.org/schema/beans/spring-beans.xsd
http://www.springframework.org/schema/context
http://www.springframework.org/schema/context/spring-context.xsd">
   <!-- Hanlder mappings -->
   <bean class="org.springframework.web.servlet.mvc.annotation.DefaultAnnotationHandlerMapping"/>
   
   <!-- Configure MulipartResolver -->
   <bean id="multipartResolver"  class="org.springframework.web.multipart.commons.CommonsMultipartResolver">
     <!-- <property name="maxUploadSize" value="10024"/> -->
   </bean>
   
   <!-- View Resolvers -->
   <bean class="org.springframework.web.servlet.view.InternalResourceViewResolver">
     <property name="prefix" value="/WEB-INF/pages/"/>
     <property name="suffix" value=".jsp"/>
   </bean>
   
   <context:component-scan base-package="com.nt.controller"/>
   
</beans>   